depth,SeqCount,strictly_CD4,strictly_CD8,both,expected_n4,pc_4_fixed_n4
2,386,337,10,39,372,0.9517951347294351
3,145,111,1,33,140,0.9255466524250937
4,83,42,0,41,80,0.8512160931922469
5,44,23,0,21,42,0.886534638888586
6,40,17,0,23,39,0.8707578246443948
7,35,12,0,23,34,0.8617594350160683
8,17,1,0,16,16,0.7071067811865476
9,9,0,0,9,9,0
10,9,0,0,9,9,0
11,5,0,0,5,5,0
12,2,0,0,2,2,0
13,2,0,0,2,2,0
14,1,0,0,1,1,0
15,1,0,0,1,1,0
