,n4,Pc_val,depth,equation
0,14.055147245279299,0.08481392351497108,2,"CD8_0, CD8_1"
1,14.055147245279299,0.08481392351497108,2,"CD8_0, CD8_1"
2,14.055147245279299,0.08481392351497108,2,"CD8_0, CD8_1"
3,371.94485275472107,0.9151860764850289,2,"CD8_0, CD8_1"
4,371.94485275472107,0.9151860764850289,2,"CD8_0, CD8_1"
5,371.94485275472107,0.9151860764850289,2,"CD8_0, CD8_1"
6,371.94485275472107,0.9151860764850289,2,"CD8_0, CD8_1"
7,371.94485275472107,0.9151860764850289,2,"CD8_0, CD8_1"
8,371.94485275472107,0.9151860764850289,2,"CD8_0, CD8_1"
9,29.761562429427435,0.019795568224795765,3,"CD8_0, CD8_2"
10,7.789352807315285,0.10702518899956297,3,"CD8_0, CD8_2"
11,7.789352807315285,0.10702518899956297,3,"CD8_0, CD8_2"
12,7.789352807315285,0.10702518899956297,3,"CD8_0, CD8_2"
13,137.21064719268452,0.8929748110004371,3,"CD8_0, CD8_2"
14,29.761562429427435,0.019795568224795765,3,"CD8_0, CD8_2"
15,137.21064719268452,0.8929748110004371,3,"CD8_0, CD8_2"
16,137.21064719268452,0.8929748110004371,3,"CD8_0, CD8_2"
17,7.789352807315285,0.10702518899956297,3,"CD8_0, CD8_2"
18,137.21064719268452,0.8929748110004371,3,"CD8_0, CD8_2"
19,9.639047311775212,0.18256693442121633,4,"CD8_0, CD8_3"
20,9.639047311775212,0.18256693442121633,4,"CD8_0, CD8_3"
21,9.639047311775212,0.18256693442121633,4,"CD8_0, CD8_3"
22,9.639047311775212,0.18256693442121633,4,"CD8_0, CD8_3"
23,73.36095268822449,0.8174330655787837,4,"CD8_0, CD8_3"
24,73.36095268822449,0.8174330655787837,4,"CD8_0, CD8_3"
25,73.36095268822449,0.8174330655787837,4,"CD8_0, CD8_3"
26,73.36095268822449,0.8174330655787837,4,"CD8_0, CD8_3"
27,73.36095268822449,0.8174330655787837,4,"CD8_0, CD8_3"
28,3.1949791134284586,0.13515230772725514,5,"CD8_0, CD8_4"
29,3.1949791134284586,0.13515230772725514,5,"CD8_0, CD8_4"
30,3.1949791134284586,0.13515230772725514,5,"CD8_0, CD8_4"
31,40.80502088657016,0.8648476922727448,5,"CD8_0, CD8_4"
32,40.80502088657016,0.8648476922727448,5,"CD8_0, CD8_4"
33,40.80502088657016,0.8648476922727448,5,"CD8_0, CD8_4"
34,40.80502088657016,0.8648476922727448,5,"CD8_0, CD8_4"
35,40.80502088657016,0.8648476922727448,5,"CD8_0, CD8_4"
